"scenario";"newscenario"
"C_ESM2025v05-CABLEPOP-SSP2-PkBudg560-rem-5";"E25_1p7K-CABLEPOP-SSP2-PkBudg560-DenEff"
"C_ESM2025v05-DLEM-SSP2-PkBudg560-rem-5";"E25_1p7K-DLEM-SSP2-PkBudg560-DenEff"
"C_ESM2025v05-IBIS-SSP2-PkBudg560-rem-5";"E25_1p7K-IBIS-SSP2-PkBudg560-DenEff"
"C_ESM2025v05-JSBACH-SSP2-PkBudg560-rem-5";"E25_1p7K-JSBACH-SSP2-PkBudg560-DenEff"
"C_ESM2025v05-LPJml-SSP2-PkBudg560-rem-5";"E25_1p7K-LPJml-SSP2-PkBudg560-DenEff"
"C_ESM2025v05-LPJwsl-SSP2-PkBudg560-rem-5";"E25_1p7K-LPJwsl-SSP2-PkBudg560-DenEff"
"C_ESM2025v05-OCN-SSP2-PkBudg560-rem-5";"E25_1p7K-OCN-SSP2-PkBudg560-DenEff"
"C_ESM2025v05-ORCHIDEE-SSP2-PkBudg560-rem-5";"E25_1p7K-ORCHIDEE-SSP2-PkBudg560-DenEff"
"C_ESM2025v05-SDGVM-SSP2-PkBudg560-rem-5";"E25_1p7K-SDGVM-SSP2-PkBudg560-DenEff"
"C_ESM2025v05-CABLEPOP-SSP2-PkBudg820-rem-5";"E25_1p7K-CABLEPOP-SSP2-PkBudg820-DenBudEff"
"C_ESM2025v05-DLEM-SSP2-PkBudg680-rem-5";"E25_1p7K-DLEM-SSP2-PkBudg680-DenBudEff"
"C_ESM2025v05-IBIS-SSP2-PkBudg560-rem-5";"E25_1p7K-IBIS-SSP2-PkBudg560-DenBudEff"
"C_ESM2025v05-JSBACH-SSP2-PkBudg640-rem-5";"E25_1p7K-JSBACH-SSP2-PkBudg640-DenBudEff"
"C_ESM2025v05-LPJml-SSP2-PkBudg620-rem-5";"E25_1p7K-LPJml-SSP2-PkBudg620-DenBudEff"
"C_ESM2025v05-LPJwsl-SSP2-PkBudg540-rem-5";"E25_1p7K-LPJwsl-SSP2-PkBudg540-DenBudEff"
"C_ESM2025v05-OCN-SSP2-PkBudg580-rem-5";"E25_1p7K-OCN-SSP2-PkBudg580-DenBudEff"
"C_ESM2025v05-ORCHIDEE-SSP2-PkBudg660-rem-5";"E25_1p7K-ORCHIDEE-SSP2-PkBudg660-DenBudEff"
"C_ESM2025v05-SDGVM-SSP2-PkBudg600-rem-5";"E25_1p7K-SDGVM-SSP2-PkBudg600-DenBudEff"
